[
  {
    "id": "1",
    "code": "SG",
    "name": "Hồ Chí Minh",
    "districts": [
      {
        "id": "1",
        "name": "Bình Chánh"
      },
      {
        "id": "2",
        "name": "Bình Tân"
      },
      {
        "id": "3",
        "name": "Bình Thạnh"
      },
      {
        "id": "4",
        "name": "Cần Giờ"
      },
      {
        "id": "5",
        "name": "Củ Chi"
      },
      {
        "id": "6",
        "name": "Gò Vấp"
      },
      {
        "id": "7",
        "name": "Hóc Môn"
      },
      {
        "id": "8",
        "name": "Nhà Bè"
      },
      {
        "id": "9",
        "name": "Phú Nhuận"
      },
      {
        "id": "10",
        "name": "Quận 1"
      },
      {
        "id": "11",
        "name": "Quận 10"
      },
      {
        "id": "12",
        "name": "Quận 11"
      },
      {
        "id": "13",
        "name": "Quận 12"
      },
      {
        "id": "14",
        "name": "Quận 2"
      },
      {
        "id": "15",
        "name": "Quận 3"
      },
      {
        "id": "16",
        "name": "Quận 4"
      },
      {
        "id": "17",
        "name": "Quận 5"
      },
      {
        "id": "18",
        "name": "Quận 6"
      },
      {
        "id": "19",
        "name": "Quận 7"
      },
      {
        "id": "20",
        "name": "Quận 8"
      },
      {
        "id": "21",
        "name": "Quận 9"
      },
      {
        "id": "22",
        "name": "Tân Bình"
      },
      {
        "id": "23",
        "name": "Tân Phú"
      },
      {
        "id": "24",
        "name": "Thủ Đức"
      }
    ]
  },
  {
    "id": "2",
    "code": "HN",
    "name": "Hà Nội",
    "districts": [
      {
        "id": "25",
        "name": "Ba Đình"
      },
      {
        "id": "26",
        "name": "Ba Vì"
      },
      {
        "id": "27",
        "name": "Bắc Từ Liêm"
      },
      {
        "id": "28",
        "name": "Cầu Giấy"
      },
      {
        "id": "29",
        "name": "Chương Mỹ"
      },
      {
        "id": "30",
        "name": "Đan Phượng"
      },
      {
        "id": "31",
        "name": "Đông Anh"
      },
      {
        "id": "32",
        "name": "Đống Đa"
      },
      {
        "id": "33",
        "name": "Gia Lâm"
      },
      {
        "id": "34",
        "name": "Hà Đông"
      },
      {
        "id": "35",
        "name": "Hai Bà Trưng"
      },
      {
        "id": "36",
        "name": "Hoài Đức"
      },
      {
        "id": "37",
        "name": "Hoàn Kiếm"
      },
      {
        "id": "38",
        "name": "Hoàng Mai"
      },
      {
        "id": "39",
        "name": "Long Biên"
      },
      {
        "id": "40",
        "name": "Mê Linh"
      },
      {
        "id": "41",
        "name": "Mỹ Đức"
      },
      {
        "id": "42",
        "name": "Nam Từ Liêm"
      },
      {
        "id": "43",
        "name": "Phú Xuyên"
      },
      {
        "id": "44",
        "name": "Phúc Thọ"
      },
      {
        "id": "45",
        "name": "Quốc Oai"
      },
      {
        "id": "46",
        "name": "Sóc Sơn"
      },
      {
        "id": "47",
        "name": "Sơn Tây"
      },
      {
        "id": "48",
        "name": "Tây Hồ"
      },
      {
        "id": "49",
        "name": "Thạch Thất"
      },
      {
        "id": "50",
        "name": "Thanh Oai"
      },
      {
        "id": "51",
        "name": "Thanh Trì"
      },
      {
        "id": "52",
        "name": "Thanh Xuân"
      },
      {
        "id": "53",
        "name": "Thường Tín"
      },
      {
        "id": "54",
        "name": "Ứng Hòa"
      }
    ]
  },
  {
    "id": "3",
    "code": "DDN",
    "name": "Đà Nẵng",
    "districts": [
      {
        "id": "55",
        "name": "Cẩm Lệ"
      },
      {
        "id": "56",
        "name": "Hải Châu"
      },
      {
        "id": "57",
        "name": "Hòa Vang"
      },
      {
        "id": "58",
        "name": "Hoàng Sa"
      },
      {
        "id": "59",
        "name": "Liên Chiểu"
      },
      {
        "id": "60",
        "name": "Ngũ Hành Sơn"
      },
      {
        "id": "61",
        "name": "Sơn Trà"
      },
      {
        "id": "62",
        "name": "Thanh Khê"
      }
    ]
  },
  {
    "id": "4",
    "code": "BD",
    "name": "Bình Dương",
    "districts": [
      {
        "id": "63",
        "name": "Bàu Bàng"
      },
      {
        "id": "64",
        "name": "Bến Cát"
      },
      {
        "id": "65",
        "name": "Dầu Tiếng"
      },
      {
        "id": "66",
        "name": "Dĩ An"
      },
      {
        "id": "67",
        "name": "Phú Giáo"
      },
      {
        "id": "68",
        "name": "Tân Uyên"
      },
      {
        "id": "69",
        "name": "Thủ Dầu Một"
      },
      {
        "id": "70",
        "name": "Thuận An"
      }
    ]
  },
  {
    "id": "5",
    "code": "DNA",
    "name": "Đồng Nai",
    "districts": [
      {
        "id": "71",
        "name": "Biên Hòa"
      },
      {
        "id": "72",
        "name": "Cẩm Mỹ"
      },
      {
        "id": "73",
        "name": "Định Quán"
      },
      {
        "id": "74",
        "name": "Long Khánh"
      },
      {
        "id": "75",
        "name": "Long Thành"
      },
      {
        "id": "76",
        "name": "Nhơn Trạch"
      },
      {
        "id": "77",
        "name": "Tân Phú"
      },
      {
        "id": "78",
        "name": "Thống Nhất"
      },
      {
        "id": "79",
        "name": "Trảng Bom"
      },
      {
        "id": "80",
        "name": "Vĩnh Cửu"
      },
      {
        "id": "81",
        "name": "Xuân Lộc"
      }
    ]
  },
  {
    "id": "6",
    "code": "KH",
    "name": "Khánh Hòa",
    "districts": [
      {
        "id": "82",
        "name": "Cam Lâm"
      },
      {
        "id": "83",
        "name": "Cam Ranh"
      },
      {
        "id": "84",
        "name": "Diên Khánh"
      },
      {
        "id": "85",
        "name": "Khánh Sơn"
      },
      {
        "id": "86",
        "name": "Khánh Vĩnh"
      },
      {
        "id": "87",
        "name": "Nha Trang"
      },
      {
        "id": "88",
        "name": "Ninh Hòa"
      },
      {
        "id": "89",
        "name": "Trường Sa"
      },
      {
        "id": "90",
        "name": "Vạn Ninh"
      }
    ]
  },
  {
    "id": "7",
    "code": "HP",
    "name": "Hải Phòng",
    "districts": [
      {
        "id": "91",
        "name": "An Dương"
      },
      {
        "id": "92",
        "name": "An Lão"
      },
      {
        "id": "93",
        "name": "Bạch Long Vĩ"
      },
      {
        "id": "94",
        "name": "Cát Hải"
      },
      {
        "id": "96",
        "name": "Dương Kinh"
      },
      {
        "id": "95",
        "name": "Đồ Sơn"
      },
      {
        "id": "97",
        "name": "Hải An"
      },
      {
        "id": "98",
        "name": "Hồng Bàng"
      },
      {
        "id": "99",
        "name": "Kiến An"
      },
      {
        "id": "100",
        "name": "Kiến Thụy"
      },
      {
        "id": "101",
        "name": "Lê Chân"
      },
      {
        "id": "102",
        "name": "Ngô Quyền"
      },
      {
        "id": "103",
        "name": "Thủy Nguyên"
      },
      {
        "id": "104",
        "name": "Tiên Lãng"
      },
      {
        "id": "105",
        "name": "Vĩnh Bảo"
      }
    ]
  },
  {
    "id": "8",
    "code": "LA",
    "name": "Long An",
    "districts": [
      {
        "id": "106",
        "name": "Bến Lức"
      },
      {
        "id": "107",
        "name": "Cần Đước"
      },
      {
        "id": "108",
        "name": "Cần Giuộc"
      },
      {
        "id": "109",
        "name": "Châu Thành"
      },
      {
        "id": "110",
        "name": "Đức Hòa"
      },
      {
        "id": "111",
        "name": "Đức Huệ"
      },
      {
        "id": "112",
        "name": "Kiến Tường"
      },
      {
        "id": "113",
        "name": "Mộc Hóa"
      },
      {
        "id": "114",
        "name": "Tân An"
      },
      {
        "id": "115",
        "name": "Tân Hưng"
      },
      {
        "id": "116",
        "name": "Tân Thạnh"
      },
      {
        "id": "117",
        "name": "Tân Trụ"
      },
      {
        "id": "118",
        "name": "Thạnh Hóa"
      },
      {
        "id": "119",
        "name": "Thủ Thừa"
      },
      {
        "id": "120",
        "name": "Vĩnh Hưng"
      }
    ]
  },
  {
    "id": "9",
    "code": "QNA",
    "name": "Quảng Nam",
    "districts": [
      {
        "id": "121",
        "name": "Bắc Trà My"
      },
      {
        "id": "125",
        "name": "Duy Xuyên"
      },
      {
        "id": "122",
        "name": "Đại Lộc"
      },
      {
        "id": "123",
        "name": "Điện Bàn"
      },
      {
        "id": "124",
        "name": "Đông Giang"
      },
      {
        "id": "126",
        "name": "Hiệp Đức"
      },
      {
        "id": "127",
        "name": "Hội An"
      },
      {
        "id": "128",
        "name": "Nam Giang"
      },
      {
        "id": "129",
        "name": "Nam Trà My"
      },
      {
        "id": "130",
        "name": "Nông Sơn"
      },
      {
        "id": "131",
        "name": "Núi Thành"
      },
      {
        "id": "132",
        "name": "Phú Ninh"
      },
      {
        "id": "133",
        "name": "Phước Sơn"
      },
      {
        "id": "134",
        "name": "Quế Sơn"
      },
      {
        "id": "135",
        "name": "Tam Kỳ"
      },
      {
        "id": "136",
        "name": "Tây Giang"
      },
      {
        "id": "137",
        "name": "Thăng Bình"
      },
      {
        "id": "138",
        "name": "Tiên Phước"
      }
    ]
  },
  {
    "id": "10",
    "code": "VT",
    "name": "Bà Rịa Vũng Tàu",
    "districts": [
      {
        "id": "139",
        "name": "Bà Rịa"
      },
      {
        "id": "140",
        "name": "Châu Đức"
      },
      {
        "id": "141",
        "name": "Côn Đảo"
      },
      {
        "id": "142",
        "name": "Đất Đỏ"
      },
      {
        "id": "143",
        "name": "Long Điền"
      },
      {
        "id": "144",
        "name": "Tân Thành"
      },
      {
        "id": "145",
        "name": "Vũng Tàu"
      },
      {
        "id": "146",
        "name": "Xuyên Mộc"
      }
    ]
  },
  {
    "id": "11",
    "code": "DDL",
    "name": "Đắk Lắk",
    "districts": [
      {
        "id": "147",
        "name": "Buôn Đôn"
      },
      {
        "id": "148",
        "name": "Buôn Hồ"
      },
      {
        "id": "149",
        "name": "Buôn Ma Thuột"
      },
      {
        "id": "150",
        "name": "Cư Kuin"
      },
      {
        "id": "151",
        "name": "Cư M'gar"
      },
      {
        "id": "152",
        "name": "Ea H'Leo"
      },
      {
        "id": "153",
        "name": "Ea Kar"
      },
      {
        "id": "154",
        "name": "Ea Súp"
      },
      {
        "id": "155",
        "name": "Krông Ana"
      },
      {
        "id": "156",
        "name": "Krông Bông"
      },
      {
        "id": "157",
        "name": "Krông Buk"
      },
      {
        "id": "158",
        "name": "Krông Năng"
      },
      {
        "id": "159",
        "name": "Krông Pắc"
      },
      {
        "id": "160",
        "name": "Lăk"
      },
      {
        "id": "161",
        "name": "M'Đrăk"
      }
    ]
  },
  {
    "id": "12",
    "code": "CT",
    "name": "Cần Thơ",
    "districts": [
      {
        "id": "162",
        "name": " Thới Lai"
      },
      {
        "id": "163",
        "name": "Bình Thủy"
      },
      {
        "id": "164",
        "name": "Cái Răng"
      },
      {
        "id": "165",
        "name": "Cờ Đỏ"
      },
      {
        "id": "166",
        "name": "Ninh Kiều"
      },
      {
        "id": "167",
        "name": "Ô Môn"
      },
      {
        "id": "168",
        "name": "Phong Điền"
      },
      {
        "id": "169",
        "name": "Thốt Nốt"
      },
      {
        "id": "170",
        "name": "Vĩnh Thạnh"
      }
    ]
  },
  {
    "id": "13",
    "code": "BTH",
    "name": "Bình Thuận  ",
    "districts": [
      {
        "id": "171",
        "name": "Bắc Bình"
      },
      {
        "id": "172",
        "name": "Đảo Phú Quý"
      },
      {
        "id": "173",
        "name": "Đức Linh"
      },
      {
        "id": "174",
        "name": "Hàm Tân"
      },
      {
        "id": "175",
        "name": "Hàm Thuận Bắc"
      },
      {
        "id": "176",
        "name": "Hàm Thuận Nam"
      },
      {
        "id": "177",
        "name": "La Gi"
      },
      {
        "id": "178",
        "name": "Phan Thiết"
      },
      {
        "id": "179",
        "name": "Tánh Linh"
      },
      {
        "id": "180",
        "name": "Tuy Phong"
      }
    ]
  },
  {
    "id": "14",
    "code": "LDD",
    "name": "Lâm Đồng",
    "districts": [
      {
        "id": "181",
        "name": "Bảo Lâm"
      },
      {
        "id": "182",
        "name": "Bảo Lộc"
      },
      {
        "id": "183",
        "name": "Cát Tiên"
      },
      {
        "id": "188",
        "name": "Di Linh"
      },
      {
        "id": "184",
        "name": "Đạ Huoai"
      },
      {
        "id": "185",
        "name": "Đà Lạt"
      },
      {
        "id": "186",
        "name": "Đạ Tẻh"
      },
      {
        "id": "187",
        "name": "Đam Rông"
      },
      {
        "id": "189",
        "name": "Đơn Dương"
      },
      {
        "id": "190",
        "name": "Đức Trọng"
      },
      {
        "id": "191",
        "name": "Lạc Dương"
      },
      {
        "id": "192",
        "name": "Lâm Hà"
      }
    ]
  },
  {
    "id": "15",
    "code": "TTH",
    "name": "Thừa Thiên Huế",
    "districts": [
      {
        "id": "193",
        "name": "A Lưới"
      },
      {
        "id": "194",
        "name": "Huế"
      },
      {
        "id": "195",
        "name": "Hương Thủy"
      },
      {
        "id": "196",
        "name": "Hương Trà"
      },
      {
        "id": "197",
        "name": "Nam Đông"
      },
      {
        "id": "198",
        "name": "Phong Điền"
      },
      {
        "id": "199",
        "name": "Phú Lộc"
      },
      {
        "id": "200",
        "name": "Phú Vang"
      },
      {
        "id": "201",
        "name": "Quảng Điền"
      }
    ]
  },
  {
    "id": "16",
    "code": "KG",
    "name": "Kiên Giang",
    "districts": [
      {
        "id": "202",
        "name": "An Biên"
      },
      {
        "id": "203",
        "name": "An Minh"
      },
      {
        "id": "204",
        "name": "Châu Thành"
      },
      {
        "id": "205",
        "name": "Giang Thành"
      },
      {
        "id": "206",
        "name": "Giồng Riềng"
      },
      {
        "id": "207",
        "name": "Gò Quao"
      },
      {
        "id": "208",
        "name": "Hà Tiên"
      },
      {
        "id": "209",
        "name": "Hòn Đất"
      },
      {
        "id": "210",
        "name": "Kiên Hải"
      },
      {
        "id": "211",
        "name": "Kiên Lương"
      },
      {
        "id": "212",
        "name": "Phú Quốc"
      },
      {
        "id": "213",
        "name": "Rạch Giá"
      },
      {
        "id": "214",
        "name": "Tân Hiệp"
      },
      {
        "id": "215",
        "name": "U minh Thượng"
      },
      {
        "id": "216",
        "name": "Vĩnh Thuận"
      }
    ]
  },
  {
    "id": "17",
    "code": "BN",
    "name": "Bắc Ninh",
    "districts": [
      {
        "id": "217",
        "name": "Bắc Ninh"
      },
      {
        "id": "218",
        "name": "Gia Bình"
      },
      {
        "id": "219",
        "name": "Lương Tài"
      },
      {
        "id": "220",
        "name": "Quế Võ"
      },
      {
        "id": "221",
        "name": "Thuận Thành"
      },
      {
        "id": "222",
        "name": "Tiên Du"
      },
      {
        "id": "223",
        "name": "Từ Sơn"
      },
      {
        "id": "224",
        "name": "Yên Phong"
      }
    ]
  },
  {
    "id": "18",
    "code": "QNI",
    "name": "Quảng Ninh",
    "districts": [
      {
        "id": "225",
        "name": "Ba Chẽ"
      },
      {
        "id": "226",
        "name": "Bình Liêu"
      },
      {
        "id": "227",
        "name": "Cẩm Phả"
      },
      {
        "id": "228",
        "name": "Cô Tô"
      },
      {
        "id": "229",
        "name": "Đầm Hà"
      },
      {
        "id": "230",
        "name": "Đông Triều"
      },
      {
        "id": "231",
        "name": "Hạ Long"
      },
      {
        "id": "232",
        "name": "Hải Hà"
      },
      {
        "id": "233",
        "name": "Hoành Bồ"
      },
      {
        "id": "234",
        "name": "Móng Cái"
      },
      {
        "id": "235",
        "name": "Quảng Yên"
      },
      {
        "id": "236",
        "name": "Tiên Yên"
      },
      {
        "id": "237",
        "name": "Uông Bí"
      },
      {
        "id": "238",
        "name": "Vân Đồn"
      }
    ]
  },
  {
    "id": "19",
    "code": "TH",
    "name": "Thanh Hóa",
    "districts": [
      {
        "id": "239",
        "name": "Bá Thước"
      },
      {
        "id": "240",
        "name": "Bỉm Sơn"
      },
      {
        "id": "241",
        "name": "Cẩm Thủy"
      },
      {
        "id": "242",
        "name": "Đông Sơn"
      },
      {
        "id": "243",
        "name": "Hà Trung"
      },
      {
        "id": "244",
        "name": "Hậu Lộc"
      },
      {
        "id": "245",
        "name": "Hoằng Hóa"
      },
      {
        "id": "246",
        "name": "Lang Chánh"
      },
      {
        "id": "247",
        "name": "Mường Lát"
      },
      {
        "id": "248",
        "name": "Nga Sơn"
      },
      {
        "id": "249",
        "name": "Ngọc Lặc"
      },
      {
        "id": "250",
        "name": "Như Thanh"
      },
      {
        "id": "251",
        "name": "Như Xuân"
      },
      {
        "id": "252",
        "name": "Nông Cống"
      },
      {
        "id": "253",
        "name": "Quan Hóa"
      },
      {
        "id": "254",
        "name": "Quan Sơn"
      },
      {
        "id": "255",
        "name": "Quảng Xương"
      },
      {
        "id": "256",
        "name": "Sầm Sơn"
      },
      {
        "id": "257",
        "name": "Thạch Thành"
      },
      {
        "id": "258",
        "name": "Thanh Hóa"
      },
      {
        "id": "259",
        "name": "Thiệu Hóa"
      },
      {
        "id": "260",
        "name": "Thọ Xuân"
      },
      {
        "id": "261",
        "name": "Thường Xuân"
      },
      {
        "id": "262",
        "name": "Tĩnh Gia"
      },
      {
        "id": "263",
        "name": "Triệu Sơn"
      },
      {
        "id": "264",
        "name": "Vĩnh Lộc"
      },
      {
        "id": "265",
        "name": "Yên Định"
      }
    ]
  },
  {
    "id": "20",
    "code": "NA",
    "name": "Nghệ An",
    "districts": [
      {
        "id": "266",
        "name": "Anh Sơn"
      },
      {
        "id": "267",
        "name": "Con Cuông"
      },
      {
        "id": "268",
        "name": "Cửa Lò"
      },
      {
        "id": "269",
        "name": "Diễn Châu"
      },
      {
        "id": "270",
        "name": "Đô Lương"
      },
      {
        "id": "271",
        "name": "Hoàng Mai"
      },
      {
        "id": "272",
        "name": "Hưng Nguyên"
      },
      {
        "id": "273",
        "name": "Kỳ Sơn"
      },
      {
        "id": "274",
        "name": "Nam Đàn"
      },
      {
        "id": "275",
        "name": "Nghi Lộc"
      },
      {
        "id": "276",
        "name": "Nghĩa Đàn"
      },
      {
        "id": "277",
        "name": "Quế Phong"
      },
      {
        "id": "278",
        "name": "Quỳ Châu"
      },
      {
        "id": "279",
        "name": "Quỳ Hợp"
      },
      {
        "id": "280",
        "name": "Quỳnh Lưu"
      },
      {
        "id": "281",
        "name": "Tân Kỳ"
      },
      {
        "id": "282",
        "name": "Thái Hòa"
      },
      {
        "id": "283",
        "name": "Thanh Chương"
      },
      {
        "id": "284",
        "name": "Tương Dương"
      },
      {
        "id": "285",
        "name": "Vinh"
      },
      {
        "id": "286",
        "name": "Yên Thành"
      }
    ]
  },
  {
    "id": "21",
    "code": "HD",
    "name": "Hải Dương",
    "districts": [
      {
        "id": "287",
        "name": "Bình Giang"
      },
      {
        "id": "288",
        "name": "Cẩm Giàng"
      },
      {
        "id": "289",
        "name": "Chí Linh"
      },
      {
        "id": "290",
        "name": "Gia Lộc"
      },
      {
        "id": "291",
        "name": "Hải Dương"
      },
      {
        "id": "292",
        "name": "Kim Thành"
      },
      {
        "id": "293",
        "name": "Kinh Môn"
      },
      {
        "id": "294",
        "name": "Nam Sách"
      },
      {
        "id": "295",
        "name": "Ninh Giang"
      },
      {
        "id": "296",
        "name": "Thanh Hà"
      },
      {
        "id": "297",
        "name": "Thanh Miện"
      },
      {
        "id": "298",
        "name": "Tứ Kỳ"
      }
    ]
  },
  {
    "id": "22",
    "code": "GL",
    "name": "Gia Lai",
    "districts": [
      {
        "id": "299",
        "name": "An Khê"
      },
      {
        "id": "300",
        "name": "AYun Pa"
      },
      {
        "id": "301",
        "name": "Chư Păh"
      },
      {
        "id": "302",
        "name": "Chư Pưh"
      },
      {
        "id": "303",
        "name": "Chư Sê"
      },
      {
        "id": "304",
        "name": "ChưPRông"
      },
      {
        "id": "305",
        "name": "Đăk Đoa"
      },
      {
        "id": "306",
        "name": "Đăk Pơ"
      },
      {
        "id": "307",
        "name": "Đức Cơ"
      },
      {
        "id": "308",
        "name": "Ia Grai"
      },
      {
        "id": "309",
        "name": "Ia Pa"
      },
      {
        "id": "310",
        "name": "KBang"
      },
      {
        "id": "311",
        "name": "Kông Chro"
      },
      {
        "id": "312",
        "name": "Krông Pa"
      },
      {
        "id": "313",
        "name": "Mang Yang"
      },
      {
        "id": "314",
        "name": "Phú Thiện"
      },
      {
        "id": "315",
        "name": "Plei Ku"
      }
    ]
  },
  {
    "id": "23",
    "code": "BP",
    "name": "Bình Phước",
    "districts": [
      {
        "id": "316",
        "name": "Bình Long"
      },
      {
        "id": "317",
        "name": "Bù Đăng"
      },
      {
        "id": "318",
        "name": "Bù Đốp"
      },
      {
        "id": "319",
        "name": "Bù Gia Mập"
      },
      {
        "id": "320",
        "name": "Chơn Thành"
      },
      {
        "id": "321",
        "name": "Đồng Phú"
      },
      {
        "id": "322",
        "name": "Đồng Xoài"
      },
      {
        "id": "323",
        "name": "Hớn Quản"
      },
      {
        "id": "324",
        "name": "Lộc Ninh"
      },
      {
        "id": "325",
        "name": "Phú Riềng"
      },
      {
        "id": "326",
        "name": "Phước Long"
      }
    ]
  },
  {
    "id": "24",
    "code": "HY",
    "name": "Hưng Yên",
    "districts": [
      {
        "id": "327",
        "name": "Ân Thi"
      },
      {
        "id": "328",
        "name": "Hưng Yên"
      },
      {
        "id": "329",
        "name": "Khoái Châu"
      },
      {
        "id": "330",
        "name": "Kim Động"
      },
      {
        "id": "331",
        "name": "Mỹ Hào"
      },
      {
        "id": "332",
        "name": "Phù Cừ"
      },
      {
        "id": "333",
        "name": "Tiên Lữ"
      },
      {
        "id": "334",
        "name": "Văn Giang"
      },
      {
        "id": "335",
        "name": "Văn Lâm"
      },
      {
        "id": "336",
        "name": "Yên Mỹ"
      }
    ]
  },
  {
    "id": "25",
    "code": "BDD",
    "name": "Bình Định",
    "districts": [
      {
        "id": "337",
        "name": "An Lão"
      },
      {
        "id": "338",
        "name": "An Nhơn"
      },
      {
        "id": "339",
        "name": "Hoài Ân"
      },
      {
        "id": "340",
        "name": "Hoài Nhơn"
      },
      {
        "id": "341",
        "name": "Phù Cát"
      },
      {
        "id": "342",
        "name": "Phù Mỹ"
      },
      {
        "id": "343",
        "name": "Quy Nhơn"
      },
      {
        "id": "344",
        "name": "Tây Sơn"
      },
      {
        "id": "345",
        "name": "Tuy Phước"
      },
      {
        "id": "346",
        "name": "Vân Canh"
      },
      {
        "id": "347",
        "name": "Vĩnh Thạnh"
      }
    ]
  },
  {
    "id": "26",
    "code": "TG",
    "name": "Tiền Giang",
    "districts": [
      {
        "id": "348",
        "name": "Cái Bè"
      },
      {
        "id": "349",
        "name": "Cai Lậy"
      },
      {
        "id": "350",
        "name": "Châu Thành"
      },
      {
        "id": "351",
        "name": "Chợ Gạo"
      },
      {
        "id": "352",
        "name": "Gò Công"
      },
      {
        "id": "353",
        "name": "Gò Công Đông"
      },
      {
        "id": "354",
        "name": "Gò Công Tây"
      },
      {
        "id": "355",
        "name": "Huyện Cai Lậy"
      },
      {
        "id": "356",
        "name": "Mỹ Tho"
      },
      {
        "id": "357",
        "name": "Tân Phú Đông"
      },
      {
        "id": "358",
        "name": "Tân Phước"
      }
    ]
  },
  {
    "id": "27",
    "code": "TB",
    "name": "Thái Bình",
    "districts": [
      {
        "id": "359",
        "name": "Đông Hưng"
      },
      {
        "id": "360",
        "name": "Hưng Hà"
      },
      {
        "id": "361",
        "name": "Kiến Xương"
      },
      {
        "id": "362",
        "name": "Quỳnh Phụ"
      },
      {
        "id": "363",
        "name": "Thái Bình"
      },
      {
        "id": "364",
        "name": "Thái Thuỵ"
      },
      {
        "id": "365",
        "name": "Tiền Hải"
      },
      {
        "id": "366",
        "name": "Vũ Thư"
      }
    ]
  },
  {
    "id": "28",
    "code": "BG",
    "name": "Bắc Giang",
    "districts": [
      {
        "id": "367",
        "name": "Bắc Giang"
      },
      {
        "id": "368",
        "name": "Hiệp Hòa"
      },
      {
        "id": "369",
        "name": "Lạng Giang"
      },
      {
        "id": "370",
        "name": "Lục Nam"
      },
      {
        "id": "371",
        "name": "Lục Ngạn"
      },
      {
        "id": "372",
        "name": "Sơn Động"
      },
      {
        "id": "373",
        "name": "Tân Yên"
      },
      {
        "id": "374",
        "name": "Việt Yên"
      },
      {
        "id": "375",
        "name": "Yên Dũng"
      },
      {
        "id": "376",
        "name": "Yên Thế"
      }
    ]
  },
  {
    "id": "29",
    "code": "HB",
    "name": "Hòa Bình",
    "districts": [
      {
        "id": "377",
        "name": "Cao Phong"
      },
      {
        "id": "378",
        "name": "Đà Bắc"
      },
      {
        "id": "379",
        "name": "Hòa Bình"
      },
      {
        "id": "380",
        "name": "Kim Bôi"
      },
      {
        "id": "381",
        "name": "Kỳ Sơn"
      },
      {
        "id": "382",
        "name": "Lạc Sơn"
      },
      {
        "id": "383",
        "name": "Lạc Thủy"
      },
      {
        "id": "384",
        "name": "Lương Sơn"
      },
      {
        "id": "385",
        "name": "Mai Châu"
      },
      {
        "id": "386",
        "name": "Tân Lạc"
      },
      {
        "id": "387",
        "name": "Yên Thủy"
      }
    ]
  },
  {
    "id": "30",
    "code": "AG",
    "name": "An Giang",
    "districts": [
      {
        "id": "388",
        "name": "An Phú"
      },
      {
        "id": "389",
        "name": "Châu Đốc"
      },
      {
        "id": "390",
        "name": "Châu Phú"
      },
      {
        "id": "391",
        "name": "Châu Thành"
      },
      {
        "id": "392",
        "name": "Chợ Mới"
      },
      {
        "id": "393",
        "name": "Long Xuyên"
      },
      {
        "id": "394",
        "name": "Phú Tân"
      },
      {
        "id": "395",
        "name": "Tân Châu"
      },
      {
        "id": "396",
        "name": "Thoại Sơn"
      },
      {
        "id": "397",
        "name": "Tịnh Biên"
      },
      {
        "id": "398",
        "name": "Tri Tôn"
      }
    ]
  },
  {
    "id": "31",
    "code": "VP",
    "name": "Vĩnh Phúc",
    "districts": [
      {
        "id": "399",
        "name": "Bình Xuyên"
      },
      {
        "id": "400",
        "name": "Lập Thạch"
      },
      {
        "id": "401",
        "name": "Phúc Yên"
      },
      {
        "id": "402",
        "name": "Sông Lô"
      },
      {
        "id": "404",
        "name": "Tam Dương"
      },
      {
        "id": "403",
        "name": "Tam Đảo"
      },
      {
        "id": "405",
        "name": "Vĩnh Tường"
      },
      {
        "id": "406",
        "name": "Vĩnh Yên"
      },
      {
        "id": "407",
        "name": "Yên Lạc"
      }
    ]
  },
  {
    "id": "32",
    "code": "TNI",
    "name": "Tây Ninh",
    "districts": [
      {
        "id": "408",
        "name": "Bến Cầu"
      },
      {
        "id": "409",
        "name": "Châu Thành"
      },
      {
        "id": "410",
        "name": "Dương Minh Châu"
      },
      {
        "id": "411",
        "name": "Gò Dầu"
      },
      {
        "id": "412",
        "name": "Hòa Thành"
      },
      {
        "id": "413",
        "name": "Tân Biên"
      },
      {
        "id": "414",
        "name": "Tân Châu"
      },
      {
        "id": "415",
        "name": "Tây Ninh"
      },
      {
        "id": "416",
        "name": "Trảng Bàng"
      }
    ]
  },
  {
    "id": "33",
    "code": "TN",
    "name": "Thái Nguyên",
    "districts": [
      {
        "id": "417",
        "name": "Đại Từ"
      },
      {
        "id": "418",
        "name": "Định Hóa"
      },
      {
        "id": "419",
        "name": "Đồng Hỷ"
      },
      {
        "id": "420",
        "name": "Phổ Yên"
      },
      {
        "id": "421",
        "name": "Phú Bình"
      },
      {
        "id": "422",
        "name": "Phú Lương"
      },
      {
        "id": "423",
        "name": "Sông Công"
      },
      {
        "id": "424",
        "name": "Thái Nguyên"
      },
      {
        "id": "425",
        "name": "Võ Nhai"
      }
    ]
  },
  {
    "id": "34",
    "code": "LCA",
    "name": "Lào Cai",
    "districts": [
      {
        "id": "426",
        "name": "Bắc Hà"
      },
      {
        "id": "427",
        "name": "Bảo Thắng"
      },
      {
        "id": "428",
        "name": "Bảo Yên"
      },
      {
        "id": "429",
        "name": "Bát Xát"
      },
      {
        "id": "430",
        "name": "Lào Cai"
      },
      {
        "id": "431",
        "name": "Mường Khương"
      },
      {
        "id": "432",
        "name": "Sa Pa"
      },
      {
        "id": "433",
        "name": "Văn Bàn"
      },
      {
        "id": "434",
        "name": "Xi Ma Cai"
      }
    ]
  },
  {
    "id": "35",
    "code": "NDD",
    "name": "Nam Định",
    "districts": [
      {
        "id": "435",
        "name": "Giao Thủy"
      },
      {
        "id": "436",
        "name": "Hải Hậu"
      },
      {
        "id": "437",
        "name": "Mỹ Lộc"
      },
      {
        "id": "438",
        "name": "Nam Định"
      },
      {
        "id": "439",
        "name": "Nam Trực"
      },
      {
        "id": "440",
        "name": "Nghĩa Hưng"
      },
      {
        "id": "441",
        "name": "Trực Ninh"
      },
      {
        "id": "442",
        "name": "Vụ Bản"
      },
      {
        "id": "443",
        "name": "Xuân Trường"
      },
      {
        "id": "444",
        "name": "Ý Yên"
      }
    ]
  },
  {
    "id": "36",
    "code": "QNG",
    "name": "Quảng Ngãi",
    "districts": [
      {
        "id": "445",
        "name": "Ba Tơ"
      },
      {
        "id": "446",
        "name": "Bình Sơn"
      },
      {
        "id": "447",
        "name": "Đức Phổ"
      },
      {
        "id": "448",
        "name": "Lý Sơn"
      },
      {
        "id": "449",
        "name": "Minh Long"
      },
      {
        "id": "450",
        "name": "Mộ Đức"
      },
      {
        "id": "451",
        "name": "Nghĩa Hành"
      },
      {
        "id": "452",
        "name": "Quảng Ngãi"
      },
      {
        "id": "453",
        "name": "Sơn Hà"
      },
      {
        "id": "454",
        "name": "Sơn Tây"
      },
      {
        "id": "455",
        "name": "Sơn Tịnh"
      },
      {
        "id": "456",
        "name": "Tây Trà"
      },
      {
        "id": "457",
        "name": "Trà Bồng"
      },
      {
        "id": "458",
        "name": "Tư Nghĩa"
      }
    ]
  },
  {
    "id": "37",
    "code": "BTR",
    "name": "Bến Tre",
    "districts": [
      {
        "id": "459",
        "name": "Ba Tri"
      },
      {
        "id": "460",
        "name": "Bến Tre"
      },
      {
        "id": "461",
        "name": "Bình Đại"
      },
      {
        "id": "462",
        "name": "Châu Thành"
      },
      {
        "id": "463",
        "name": "Chợ Lách"
      },
      {
        "id": "464",
        "name": "Giồng Trôm"
      },
      {
        "id": "465",
        "name": "Mỏ Cày Bắc"
      },
      {
        "id": "466",
        "name": "Mỏ Cày Nam"
      },
      {
        "id": "467",
        "name": "Thạnh Phú"
      }
    ]
  },
  {
    "id": "38",
    "code": "DNO",
    "name": "Đắk Nông",
    "districts": [
      {
        "id": "468",
        "name": "Cư Jút"
      },
      {
        "id": "469",
        "name": "Dăk GLong"
      },
      {
        "id": "470",
        "name": "Dăk Mil"
      },
      {
        "id": "471",
        "name": "Dăk R'Lấp"
      },
      {
        "id": "472",
        "name": "Dăk Song"
      },
      {
        "id": "473",
        "name": "Gia Nghĩa"
      },
      {
        "id": "474",
        "name": "Krông Nô"
      },
      {
        "id": "475",
        "name": "Tuy Đức"
      }
    ]
  },
  {
    "id": "39",
    "code": "CM",
    "name": "Cà Mau",
    "districts": [
      {
        "id": "476",
        "name": "Cà Mau"
      },
      {
        "id": "477",
        "name": "Cái Nước"
      },
      {
        "id": "478",
        "name": "Đầm Dơi"
      },
      {
        "id": "479",
        "name": "Năm Căn"
      },
      {
        "id": "480",
        "name": "Ngọc Hiển"
      },
      {
        "id": "481",
        "name": "Phú Tân"
      },
      {
        "id": "482",
        "name": "Thới Bình"
      },
      {
        "id": "483",
        "name": "Trần Văn Thời"
      },
      {
        "id": "484",
        "name": "U Minh"
      }
    ]
  },
  {
    "id": "40",
    "code": "VL",
    "name": "Vĩnh Long",
    "districts": [
      {
        "id": "485",
        "name": "Bình Minh"
      },
      {
        "id": "486",
        "name": "Bình Tân"
      },
      {
        "id": "487",
        "name": "Long Hồ"
      },
      {
        "id": "488",
        "name": "Mang Thít"
      },
      {
        "id": "489",
        "name": "Tam Bình"
      },
      {
        "id": "490",
        "name": "Trà Ôn"
      },
      {
        "id": "491",
        "name": "Vĩnh Long"
      },
      {
        "id": "492",
        "name": "Vũng Liêm"
      }
    ]
  },
  {
    "id": "41",
    "code": "NB",
    "name": "Ninh Bình",
    "districts": [
      {
        "id": "493",
        "name": "Gia Viễn"
      },
      {
        "id": "494",
        "name": "Hoa Lư"
      },
      {
        "id": "495",
        "name": "Kim Sơn"
      },
      {
        "id": "496",
        "name": "Nho Quan"
      },
      {
        "id": "497",
        "name": "Ninh Bình"
      },
      {
        "id": "498",
        "name": "Tam Điệp"
      },
      {
        "id": "499",
        "name": "Yên Khánh"
      },
      {
        "id": "500",
        "name": "Yên Mô"
      }
    ]
  },
  {
    "id": "42",
    "code": "PT",
    "name": "Phú Thọ",
    "districts": [
      {
        "id": "501",
        "name": "Cẩm Khê"
      },
      {
        "id": "502",
        "name": "Đoan Hùng"
      },
      {
        "id": "503",
        "name": "Hạ Hòa"
      },
      {
        "id": "504",
        "name": "Lâm Thao"
      },
      {
        "id": "505",
        "name": "Phù Ninh"
      },
      {
        "id": "506",
        "name": "Phú Thọ"
      },
      {
        "id": "507",
        "name": "Tam Nông"
      },
      {
        "id": "508",
        "name": "Tân Sơn"
      },
      {
        "id": "509",
        "name": "Thanh Ba"
      },
      {
        "id": "510",
        "name": "Thanh Sơn"
      },
      {
        "id": "511",
        "name": "Thanh Thủy"
      },
      {
        "id": "512",
        "name": "Việt Trì"
      },
      {
        "id": "513",
        "name": "Yên Lập"
      }
    ]
  },
  {
    "id": "43",
    "code": "NT",
    "name": "Ninh Thuận",
    "districts": [
      {
        "id": "514",
        "name": "Bác Ái"
      },
      {
        "id": "515",
        "name": "Ninh Hải"
      },
      {
        "id": "516",
        "name": "Ninh Phước"
      },
      {
        "id": "517",
        "name": "Ninh Sơn"
      },
      {
        "id": "518",
        "name": "Phan Rang - Tháp Chàm"
      },
      {
        "id": "519",
        "name": "Thuận Bắc"
      },
      {
        "id": "520",
        "name": "Thuận Nam"
      }
    ]
  },
  {
    "id": "44",
    "code": "PY",
    "name": "Phú Yên",
    "districts": [
      {
        "id": "521",
        "name": "Đông Hòa"
      },
      {
        "id": "522",
        "name": "Đồng Xuân"
      },
      {
        "id": "523",
        "name": "Phú Hòa"
      },
      {
        "id": "524",
        "name": "Sơn Hòa"
      },
      {
        "id": "525",
        "name": "Sông Cầu"
      },
      {
        "id": "526",
        "name": "Sông Hinh"
      },
      {
        "id": "527",
        "name": "Tây Hòa"
      },
      {
        "id": "528",
        "name": "Tuy An"
      },
      {
        "id": "529",
        "name": "Tuy Hòa"
      }
    ]
  },
  {
    "id": "45",
    "code": "HNA",
    "name": "Hà Nam",
    "districts": [
      {
        "id": "530",
        "name": "Bình Lục"
      },
      {
        "id": "531",
        "name": "Duy Tiên"
      },
      {
        "id": "532",
        "name": "Kim Bảng"
      },
      {
        "id": "533",
        "name": "Lý Nhân"
      },
      {
        "id": "534",
        "name": "Phủ Lý"
      },
      {
        "id": "535",
        "name": "Thanh Liêm"
      }
    ]
  },
  {
    "id": "46",
    "code": "HT",
    "name": "Hà Tĩnh",
    "districts": [
      {
        "id": "536",
        "name": "Cẩm Xuyên"
      },
      {
        "id": "537",
        "name": "Can Lộc"
      },
      {
        "id": "538",
        "name": "Đức Thọ"
      },
      {
        "id": "539",
        "name": "Hà Tĩnh"
      },
      {
        "id": "540",
        "name": "Hồng Lĩnh"
      },
      {
        "id": "541",
        "name": "Hương Khê"
      },
      {
        "id": "542",
        "name": "Hương Sơn"
      },
      {
        "id": "543",
        "name": "Kỳ Anh"
      },
      {
        "id": "544",
        "name": "Lộc Hà"
      },
      {
        "id": "545",
        "name": "Nghi Xuân"
      },
      {
        "id": "546",
        "name": "Thạch Hà"
      },
      {
        "id": "547",
        "name": "Vũ Quang"
      }
    ]
  },
  {
    "id": "47",
    "code": "DDT",
    "name": "Đồng Tháp",
    "districts": [
      {
        "id": "548",
        "name": "Cao Lãnh"
      },
      {
        "id": "549",
        "name": "Châu Thành"
      },
      {
        "id": "550",
        "name": "Hồng Ngự"
      },
      {
        "id": "551",
        "name": "Huyện Cao Lãnh"
      },
      {
        "id": "552",
        "name": "Huyện Hồng Ngự"
      },
      {
        "id": "553",
        "name": "Lai Vung"
      },
      {
        "id": "554",
        "name": "Lấp Vò"
      },
      {
        "id": "555",
        "name": "Sa Đéc"
      },
      {
        "id": "556",
        "name": "Tam Nông"
      },
      {
        "id": "557",
        "name": "Tân Hồng"
      },
      {
        "id": "558",
        "name": "Thanh Bình"
      },
      {
        "id": "559",
        "name": "Tháp Mười"
      }
    ]
  },
  {
    "id": "48",
    "code": "ST",
    "name": "Sóc Trăng",
    "districts": [
      {
        "id": "560",
        "name": "Châu Thành"
      },
      {
        "id": "561",
        "name": "Cù Lao Dung"
      },
      {
        "id": "562",
        "name": "Kế Sách"
      },
      {
        "id": "563",
        "name": "Long Phú"
      },
      {
        "id": "564",
        "name": "Mỹ Tú"
      },
      {
        "id": "565",
        "name": "Mỹ Xuyên"
      },
      {
        "id": "566",
        "name": "Ngã Năm"
      },
      {
        "id": "567",
        "name": "Sóc Trăng"
      },
      {
        "id": "568",
        "name": "Thạnh Trị"
      },
      {
        "id": "569",
        "name": "Trần Đề"
      },
      {
        "id": "570",
        "name": "Vĩnh Châu"
      }
    ]
  },
  {
    "id": "49",
    "code": "KT",
    "name": "Kon Tum",
    "districts": [
      {
        "id": "571",
        "name": "Đăk Glei"
      },
      {
        "id": "572",
        "name": "Đăk Hà"
      },
      {
        "id": "573",
        "name": "Đăk Tô"
      },
      {
        "id": "574",
        "name": "Ia H'Drai"
      },
      {
        "id": "575",
        "name": "Kon Plông"
      },
      {
        "id": "576",
        "name": "Kon Rẫy"
      },
      {
        "id": "577",
        "name": "KonTum"
      },
      {
        "id": "578",
        "name": "Ngọc Hồi"
      },
      {
        "id": "579",
        "name": "Sa Thầy"
      },
      {
        "id": "580",
        "name": "Tu Mơ Rông"
      }
    ]
  },
  {
    "id": "50",
    "code": "QB",
    "name": "Quảng Bình",
    "districts": [
      {
        "id": "581",
        "name": "Ba Đồn"
      },
      {
        "id": "582",
        "name": "Bố Trạch"
      },
      {
        "id": "583",
        "name": "Đồng Hới"
      },
      {
        "id": "584",
        "name": "Lệ Thủy"
      },
      {
        "id": "585",
        "name": "Minh Hóa"
      },
      {
        "id": "586",
        "name": "Quảng Ninh"
      },
      {
        "id": "587",
        "name": "Quảng Trạch"
      },
      {
        "id": "588",
        "name": "Tuyên Hóa"
      }
    ]
  },
  {
    "id": "51",
    "code": "QT",
    "name": "Quảng Trị",
    "districts": [
      {
        "id": "589",
        "name": "Cam Lộ"
      },
      {
        "id": "590",
        "name": "Đa Krông"
      },
      {
        "id": "591",
        "name": "Đảo Cồn cỏ"
      },
      {
        "id": "592",
        "name": "Đông Hà"
      },
      {
        "id": "593",
        "name": "Gio Linh"
      },
      {
        "id": "594",
        "name": "Hải Lăng"
      },
      {
        "id": "595",
        "name": "Hướng Hóa"
      },
      {
        "id": "596",
        "name": "Quảng Trị"
      },
      {
        "id": "597",
        "name": "Triệu Phong"
      },
      {
        "id": "598",
        "name": "Vĩnh Linh"
      }
    ]
  },
  {
    "id": "52",
    "code": "TV",
    "name": "Trà Vinh",
    "districts": [
      {
        "id": "599",
        "name": "Càng Long"
      },
      {
        "id": "600",
        "name": "Cầu Kè"
      },
      {
        "id": "601",
        "name": "Cầu Ngang"
      },
      {
        "id": "602",
        "name": "Châu Thành"
      },
      {
        "id": "603",
        "name": "Duyên Hải"
      },
      {
        "id": "604",
        "name": "Tiểu Cần"
      },
      {
        "id": "605",
        "name": "Trà Cú"
      },
      {
        "id": "606",
        "name": "Trà Vinh"
      }
    ]
  },
  {
    "id": "53",
    "code": "HGI",
    "name": "Hậu Giang",
    "districts": [
      {
        "id": "607",
        "name": "Châu Thành"
      },
      {
        "id": "608",
        "name": "Châu Thành A"
      },
      {
        "id": "609",
        "name": "Long Mỹ"
      },
      {
        "id": "610",
        "name": "Ngã Bảy"
      },
      {
        "id": "611",
        "name": "Phụng Hiệp"
      },
      {
        "id": "612",
        "name": "Vị Thanh"
      },
      {
        "id": "613",
        "name": "Vị Thủy"
      }
    ]
  },
  {
    "id": "54",
    "code": "SL",
    "name": "Sơn La",
    "districts": [
      {
        "id": "614",
        "name": "Bắc Yên"
      },
      {
        "id": "615",
        "name": "Mai Sơn"
      },
      {
        "id": "616",
        "name": "Mộc Châu"
      },
      {
        "id": "617",
        "name": "Mường La"
      },
      {
        "id": "618",
        "name": "Phù Yên"
      },
      {
        "id": "619",
        "name": "Quỳnh Nhai"
      },
      {
        "id": "620",
        "name": "Sơn La"
      },
      {
        "id": "621",
        "name": "Sông Mã"
      },
      {
        "id": "622",
        "name": "Sốp Cộp"
      },
      {
        "id": "623",
        "name": "Thuận Châu"
      },
      {
        "id": "624",
        "name": "Vân Hồ"
      },
      {
        "id": "625",
        "name": "Yên Châu"
      }
    ]
  },
  {
    "id": "55",
    "code": "BL",
    "name": "Bạc Liêu",
    "districts": [
      {
        "id": "626",
        "name": "Bạc Liêu"
      },
      {
        "id": "627",
        "name": "Đông Hải"
      },
      {
        "id": "628",
        "name": "Giá Rai"
      },
      {
        "id": "629",
        "name": "Hòa Bình"
      },
      {
        "id": "630",
        "name": "Hồng Dân"
      },
      {
        "id": "631",
        "name": "Phước Long"
      },
      {
        "id": "632",
        "name": "Vĩnh Lợi"
      }
    ]
  },
  {
    "id": "56",
    "code": "YB",
    "name": "Yên Bái",
    "districts": [
      {
        "id": "633",
        "name": "Lục Yên"
      },
      {
        "id": "634",
        "name": "Mù Cang Chải"
      },
      {
        "id": "635",
        "name": "Nghĩa Lộ"
      },
      {
        "id": "636",
        "name": "Trạm Tấu"
      },
      {
        "id": "637",
        "name": "Trấn Yên"
      },
      {
        "id": "638",
        "name": "Văn Chấn"
      },
      {
        "id": "639",
        "name": "Văn Yên"
      },
      {
        "id": "640",
        "name": "Yên Bái"
      },
      {
        "id": "641",
        "name": "Yên Bình"
      }
    ]
  },
  {
    "id": "57",
    "code": "TQ",
    "name": "Tuyên Quang",
    "districts": [
      {
        "id": "642",
        "name": "Chiêm Hóa"
      },
      {
        "id": "643",
        "name": "Hàm Yên"
      },
      {
        "id": "644",
        "name": "Lâm Bình"
      },
      {
        "id": "645",
        "name": "Na Hang"
      },
      {
        "id": "646",
        "name": "Sơn Dương"
      },
      {
        "id": "647",
        "name": "Tuyên Quang"
      },
      {
        "id": "648",
        "name": "Yên Sơn"
      }
    ]
  },
  {
    "id": "58",
    "code": "DDB",
    "name": "Điện Biên",
    "districts": [
      {
        "id": "649",
        "name": "Điện Biên"
      },
      {
        "id": "650",
        "name": "Điện Biên Đông"
      },
      {
        "id": "651",
        "name": "Điện Biên Phủ"
      },
      {
        "id": "652",
        "name": "Mường Ảng"
      },
      {
        "id": "653",
        "name": "Mường Chà"
      },
      {
        "id": "654",
        "name": "Mường Lay"
      },
      {
        "id": "655",
        "name": "Mường Nhé"
      },
      {
        "id": "656",
        "name": "Nậm Pồ"
      },
      {
        "id": "657",
        "name": "Tủa Chùa"
      },
      {
        "id": "658",
        "name": "Tuần Giáo"
      }
    ]
  },
  {
    "id": "59",
    "code": "LCH",
    "name": "Lai Châu",
    "districts": [
      {
        "id": "659",
        "name": "Lai Châu"
      },
      {
        "id": "660",
        "name": "Mường Tè"
      },
      {
        "id": "661",
        "name": "Nậm Nhùn"
      },
      {
        "id": "662",
        "name": "Phong Thổ"
      },
      {
        "id": "663",
        "name": "Sìn Hồ"
      },
      {
        "id": "664",
        "name": "Tam Đường"
      },
      {
        "id": "665",
        "name": "Tân Uyên"
      },
      {
        "id": "666",
        "name": "Than Uyên"
      }
    ]
  },
  {
    "id": "60",
    "code": "LS",
    "name": "Lạng Sơn",
    "districts": [
      {
        "id": "667",
        "name": "Bắc Sơn"
      },
      {
        "id": "668",
        "name": "Bình Gia"
      },
      {
        "id": "669",
        "name": "Cao Lộc"
      },
      {
        "id": "670",
        "name": "Chi Lăng"
      },
      {
        "id": "671",
        "name": "Đình Lập"
      },
      {
        "id": "672",
        "name": "Hữu Lũng"
      },
      {
        "id": "673",
        "name": "Lạng Sơn"
      },
      {
        "id": "674",
        "name": "Lộc Bình"
      },
      {
        "id": "675",
        "name": "Tràng Định"
      },
      {
        "id": "676",
        "name": "Văn Lãng"
      },
      {
        "id": "677",
        "name": "Văn Quan"
      }
    ]
  },
  {
    "id": "61",
    "code": "HG",
    "name": "Hà Giang",
    "districts": [
      {
        "id": "678",
        "name": "Bắc Mê"
      },
      {
        "id": "679",
        "name": "Bắc Quang"
      },
      {
        "id": "680",
        "name": "Đồng Văn"
      },
      {
        "id": "681",
        "name": "Hà Giang"
      },
      {
        "id": "682",
        "name": "Hoàng Su Phì"
      },
      {
        "id": "683",
        "name": "Mèo Vạc"
      },
      {
        "id": "684",
        "name": "Quản Bạ"
      },
      {
        "id": "685",
        "name": "Quang Bình"
      },
      {
        "id": "686",
        "name": "Vị Xuyên"
      },
      {
        "id": "687",
        "name": "Xín Mần"
      },
      {
        "id": "688",
        "name": "Yên Minh"
      }
    ]
  },
  {
    "id": "62",
    "code": "BK",
    "name": "Bắc Kạn",
    "districts": [
      {
        "id": "689",
        "name": "Ba Bể"
      },
      {
        "id": "690",
        "name": "Bắc Kạn"
      },
      {
        "id": "691",
        "name": "Bạch Thông"
      },
      {
        "id": "692",
        "name": "Chợ Đồn"
      },
      {
        "id": "693",
        "name": "Chợ Mới"
      },
      {
        "id": "694",
        "name": "Na Rì"
      },
      {
        "id": "695",
        "name": "Ngân Sơn"
      },
      {
        "id": "696",
        "name": "Pác Nặm"
      }
    ]
  },
  {
    "id": "63",
    "code": "CB",
    "name": "Cao Bằng",
    "districts": [
      {
        "id": "697",
        "name": "Bảo Lạc"
      },
      {
        "id": "698",
        "name": "Bảo Lâm"
      },
      {
        "id": "699",
        "name": "Cao Bằng"
      },
      {
        "id": "700",
        "name": "Hạ Lang"
      },
      {
        "id": "701",
        "name": "Hà Quảng"
      },
      {
        "id": "702",
        "name": "Hòa An"
      },
      {
        "id": "703",
        "name": "Nguyên Bình"
      },
      {
        "id": "704",
        "name": "Phục Hòa"
      },
      {
        "id": "705",
        "name": "Quảng Uyên"
      },
      {
        "id": "706",
        "name": "Thạch An"
      },
      {
        "id": "707",
        "name": "Thông Nông"
      },
      {
        "id": "708",
        "name": "Trà Lĩnh"
      },
      {
        "id": "709",
        "name": "Trùng Khánh"
      }
    ]
  }
]